epoch,time,train/loss,metrics/accuracy_top1,metrics/accuracy_top5,val/loss,lr/pg0,lr/pg1,lr/pg2
1,1422.12,0.89281,0.98681,0.99844,0.05242,0.070002,0.00333312,0.00333312
2,2836,0.2209,0.98837,0.99906,0.04703,0.039562,0.00622646,0.00622646
3,4253.69,0.11736,0.01429,0.22428,5.70298,0.00868199,0.00867981,0.00867981
4,5710.6,0.07314,0.00468,0.02576,8.14489,0.00802,0.00802,0.00802
